<wpml-config>
	<admin-texts>
		<key name="woocommerce_bog_credit_card_gateway_settings">
			<key name="title" />
			<key name="description" />
			<key name="order_button_text" />
		</key>
		<key name="woocommerce_bog_ipay_credit_card_gateway_settings">
			<key name="title" />
			<key name="description" />
			<key name="order_button_text" />
		</key>
		<key name="woocommerce_bog_ipay_solo_credit_card_gateway_settings">
			<key name="title" />
			<key name="description" />
			<key name="order_button_text" />
		</key>
	</admin-texts>
</wpml-config>
